country,name,name_local,city,region,frequency_fm,type,genre,language,political_leaning,internet_only,stream_url,codec,bitrate,stream_status,votes,logo,notes,source,timezone,requires_vpn,vpn_region
US,Majic 107.5/97.5 (WAMJ),,Atlanta,Georgia,107.5,Music,Urban adult contemporary,English,None,No,,,,No stream found,0,,Atlanta urban adult-contemporary brand (Urban One). Stream not on public directories.,curated,America/New_York,False,
US,WSB 750 / 95.5,,Atlanta,Georgia,750,News & Talk,Technology,English,None,No,https://ad-oom-cmg.streamguys1.com/atl750/atl750-sgplayer-aac,,,Working,0,,Carries The Kim Komando Show and Daily Tech Update (also on 95.5 FM),curated,America/New_York,False,
US,KUT 90.5,,Austin,Texas,90.5,Public,News & Talk,English,None,No,https://streams.kut.org/4426_128.mp3,,,Working,0,https://npr.brightspotcdn.com/f5/7f/c5d8533f4c3196bac031a3fa92bd/kut-primarylogo-notag-11-23-rgb.png,Austin public radio (University of Texas),curated+radio-browser,America/Chicago,False,
US,KUTX 98.9,,Austin,Texas,98.9,Public,Adult alternative,English,None,No,https://streams.kut.org/4428_192.mp3,,,Working,0,,Austin music-discovery public station (University of Texas),curated,America/Chicago,False,
US,KALX Berkeley,,Berkeley,California,90.7,Public,Technology,English,None,No,https://stream.kalx.berkeley.edu:8443/kalx-320.aac,,,Working,0,,UC Berkeley radio; Spectrum science-and-technology show is on indefinite hiatus (archive/podcast only),curated,America/Los_Angeles,False,
US,98.5 The Sports Hub (WBZ-FM),,Boston,Massachusetts,98.5,Sports,Sports,English,None,No,,,,No stream found,0,,Prominent Boston sports-talk station (Beasley). Stream not on public directories.,curated,America/New_York,False,
US,GBH 89.7 (WGBH),,Boston,Massachusetts,89.7,Public,News & Culture,English,None,No,https://streams.audio.wgbh.org/wgbh,,,Working,0,https://wgbh.org/apple-touch-icon.png,Major Boston public-media producer with strong arts and educational heritage,curated+radio-browser,America/New_York,False,
US,WBUR 90.9,,Boston,Massachusetts,90.9,Public,News & Talk,English,None,No,http://wbur-sc.streamguys.com/wbur,,,Working,0,https://media.npr.org/images/podcasts/primary/icon_381444772-0cf95c0dd84cbfbd6e8b429b516cf44326aa3737.png?s=1400,Boston public radio and national content producer (Boston University),curated+radio-browser,America/New_York,False,
US,103.5 Kiss FM (WKSC),,Chicago,Illinois,103.5,Music,Pop / Hits,English,None,No,https://stream.revma.ihrhls.com/zc849,,,Working,0,"https://i.iheart.com/v3/re/assets.brands/6040110a9538edc2d6937e84?ops=new(),flood(%22white%22),swap(),merge(%22over%22),gravity(%22center%22),contain(167,167),quality(80),format(%22png%22)",Large Chicago hit-music brand,curated+radio-browser,America/Chicago,False,
US,93XRT (WXRT),,Chicago,Illinois,93.1,Music,Adult alternative,English,None,No,,,,No stream found,0,,Chicago heritage adult-alternative station (Audacy). Stream not on public directories.,curated,America/Chicago,False,
US,CBS News Chicago (WBBM),,Chicago,Illinois,780,News & Talk,All-news,English,None,No,,,,No stream found,0,,"Chicago all-news station, 780 AM / 105.9 FM (Audacy). Stream not on public directories.",curated,America/Chicago,False,
US,Vocalo 91.1,,Chicago,Illinois,91.1,Public,Music & Culture,English,None,No,http://stream.vocalo.org/vocalo128,,,Working,0,,Chicago Public Media's culture- and music-oriented service,curated,America/Chicago,False,
US,WBEZ 91.5,,Chicago,Illinois,91.5,Public,News & Talk,English,None,No,http://stream.wbez.org/wbez128.mp3,,,Working,0,,Major Chicago public radio; home market of This American Life and Wait Wait... Don't Tell Me!,curated,America/Chicago,False,
US,WGN Radio 720,,Chicago,Illinois,720,News & Talk,News & Talk,English,None,No,http://18.204.34.32/wgnam-wgnammp3-ibc2,,,Working,0,,Chicago heritage news/talk station,curated+radio-browser,America/Chicago,False,
US,WLS 890 AM,,Chicago,Illinois,890,News & Talk,Technology,English,None,No,,,,No stream found,0,,Carries The Kim Komando Show and Daily Tech Update. Stream geo-restricted outside the US.,curated,America/Chicago,False,
US,KRLD NewsRadio 1080,,Dallas,Texas,1080,News & Talk,Technology,English,None,No,,,,No stream found,0,,Carries The Kim Komando Show and Daily Tech Update (Dallas-Fort Worth). Stream not on public directories.,curated,America/Chicago,False,
US,WBAP 820,,Dallas,Texas,820,News & Talk,News & Talk,English,None,No,,,,No stream found,0,,"Dallas-Fort Worth news/talk, 820 AM / 93.3 FM. Stream geo-restricted outside the US.",curated,America/Chicago,False,
US,KOA 850,,Denver,Colorado,850,News & Talk,News & Talk / Sports,English,None,No,http://stream.revma.ihrhls.com/zc389/hls.m3u8,,,Working,0,,"Denver news/talk and sports, 850 AM / 94.1 FM (iHeartMedia)",curated+radio-browser,America/Denver,False,
US,WDET 101.9,,Detroit,Michigan,101.9,Public,News & Talk,English,None,No,https://wdet.cdnstream1.com/4550_256.aac,,,Working,0,https://wdet.org/wp-content/uploads/elementor/thumbs/wdet-footer-logo-piq24fxcpolk3sv5hdjlzlmwy2xdr7orwf5rh2152a.png,Detroit public radio (Wayne State University),curated+radio-browser,America/Detroit,False,
US,WJR 760,,Detroit,Michigan,760,News & Talk,News & Talk,English,None,No,http://18423.live.streamtheworld.com/WJRAMAAC_SC,,,Working,0,,Detroit heritage news/talk station,curated+radio-browser,America/Detroit,False,
US,KGVY 1080,,Green Valley,Arizona,1080,News & Talk,Technology,English,None,No,,,,No stream found,0,,Home of TechtalkRadio (Saturdays 4pm Arizona time); covers Green Valley-Sahuarita-Tucson. Stream not on public directories.,curated,America/Phoenix,False,
US,KPRC AM 950,,Houston,Texas,950,News & Talk,Technology,English,None,No,https://stream.revma.ihrhls.com/zc2277,,,Working,0,"https://i.iheart.com/v3/re/assets.brands/5d6e6b2549a30094b9b22ed7?ops=gravity(%22center%22),contain(32,32),quality(65)",Carries The Kim Komando Show and Daily Tech Update,curated+radio-browser,America/Chicago,False,
US,NewsRadio 740 KTRH,,Houston,Texas,740,News & Talk,News & Talk,English,None,No,https://stream.revma.ihrhls.com/zc2285/hls.m3u8,,,Working,0,,Heritage Houston talk station (iHeartMedia),curated+radio-browser,America/Chicago,False,
US,Sunny 99.1 (KODA),,Houston,Texas,99.1,Music,Adult contemporary,English,None,No,,,,No stream found,0,,Major Houston adult-contemporary station (cume ~2.3M). Stream not on public directories.,curated,America/Chicago,False,
US,WFMU 91.1,,Jersey City,New Jersey,91.1,Public,Freeform,English,None,No,http://stream2.wfmu.org/freeform-128k,,,Working,0,,Globally known independent freeform station with a strong online audience,curated+radio-browser,America/New_York,False,
US,KJazz 88.1 (KKJZ),,Long Beach,California,88.1,Public,Jazz / Blues,English,None,No,https://streaming.live365.com/a49833,,,Working,0,https://www.kkjz.org/favicon.ico,"Southern California's major jazz service, with local and national jazz programming",curated+radio-browser,America/Los_Angeles,False,
US,102.7 KIIS FM,,Los Angeles,California,102.7,Music,Pop / Hits,English,None,No,https://stream.revma.ihrhls.com/zc185,,,Working,0,"https://i.iheart.com/v3/re/assets.brands/2ebe753539305728784b0f3b178eae45?ops=new(),flood(%22white%22),swap(),merge(%22over%22),gravity(%22center%22),contain(167,167),quality(80),format(%22png%22)",Flagship Los Angeles contemporary-hit brand,curated+radio-browser,America/Los_Angeles,False,
US,Classical KUSC 91.5,,Los Angeles,California,91.5,Public,Classical,English,None,No,https://14103.live.streamtheworld.com/KUSCAAC96_SC,,,Working,0,,Major US classical-music service (University of Southern California),curated+radio-browser,America/Los_Angeles,False,
US,K-Earth 101 (KRTH),,Los Angeles,California,101.1,Music,Classic hits,English,None,No,,,,No stream found,0,,One of the best-known US classic-hits brands. Stream not on public directories.,curated,America/Los_Angeles,False,
US,KEIB The Patriot,,Los Angeles,California,1150,News & Talk,Technology,English,None,No,,,,No stream found,0,,Carries The Kim Komando Show (Saturdays noon-3pm PT). Stream not on public directories.,curated,America/Los_Angeles,False,
US,KFI AM 640,,Los Angeles,California,640,News & Talk,Technology,English,None,No,https://stream.revma.ihrhls.com/zc177,,,Working,0,"https://i.iheart.com/v3/re/assets.brands/7724e1260428f5b03568e97c0280f35c?ops=gravity(%22center%22),contain(32,32),quality(65)","iHeart talk radio; flagship of Rich On Tech with Rich DeMuro (Saturdays 11am-2pm PT, syndicated nationally)",curated+radio-browser,America/Los_Angeles,False,
US,KNX News 97.1,,Los Angeles,California,97.1,News & Talk,All-news,English,None,No,,,,No stream found,0,,Los Angeles all-news station (Audacy). Stream not on public directories.,curated,America/Los_Angeles,False,
US,KOST 103.5,,Los Angeles,California,103.5,Music,Adult contemporary,English,None,No,https://stream.revma.ihrhls.com/zc193,,,Working,0,"https://i.iheart.com/v3/re/assets.brands/4f8b2d8763a2d58e545fa71e11b46bb2?ops=new(),flood(%22white%22),swap(),merge(%22over%22),gravity(%22center%22),contain(167,167),quality(80),format(%22png%22)",Leading Los Angeles mass-appeal adult-contemporary station (cume ~2.35M),curated+radio-browser,America/Los_Angeles,False,
US,KROQ 106.7,,Los Angeles,California,106.7,Music,Rock / Alternative,English,None,No,http://live.amperwave.net/direct/audacy-kroqfmaac-imc,,,Working,0,https://bloximages.newyork1.vip.townnews.com/insideradio.com/content/tncms/assets/v3/editorial/6/0b/60be09e8-9adb-11ea-9359-abd53ad48e69/5ec597dadab89.image.jpg?resize=375%2C325,World Famous KROQ - alternative-rock institution since the 1970s,curated+radio-browser,America/Los_Angeles,False,
US,KTLK 1130 AM,,Minneapolis,Minnesota,1130,News & Talk,Technology,English,None,No,,,,No stream found,0,,Carries The Kim Komando Show and Daily Tech Update (Minneapolis-St. Paul). Stream not on public directories.,curated,America/Chicago,False,
US,WCCO 830,,Minneapolis,Minnesota,830,News & Talk,News & Talk,English,None,No,,,,No stream found,0,,Minneapolis-St. Paul news/talk station (Audacy). Stream not on public directories.,curated,America/Chicago,False,
US,WWOZ 90.7,,New Orleans,Louisiana,90.7,Public,Jazz / Blues,English,None,No,http://wwoz-sc.streamguys.com/wwoz-hi.mp3,,,Working,0,,A defining station for New Orleans cultural music and festival programming,curated+radio-browser,America/Chicago,False,
US,1010 WINS (WINS),,New York,New York,1010,News & Talk,All-news,English,None,No,,,,No stream found,0,,One of America's best-known rolling-news stations (1010 AM / 92.3 FM). Stream not on public directories.,curated,America/New_York,False,
US,103.5 KTU (WKTU),,New York,New York,103.5,Music,Rhythmic / Dance,English,None,No,https://stream.revma.ihrhls.com/zc1473,,,Working,0,,New York rhythmic-pop and dance brand (iHeartMedia),curated,America/New_York,False,
US,106.7 Lite FM (WLTW),,New York,New York,106.7,Music,Adult contemporary,English,None,No,https://stream.revma.ihrhls.com/zc1477,,,Working,0,"https://i.iheart.com/v3/re/assets.brands/5a4bd7d83192e41c9d339ce0?ops=new(),flood(%22white%22),swap(),merge(%22over%22),gravity(%22center%22),contain(167,167),quality(80),format(%22png%22)","One of the country's biggest, most consistently dominant music stations (cume ~3.4M)",curated+radio-browser,America/New_York,False,
US,CBS-FM 101.1 (WCBS-FM),,New York,New York,101.1,Music,Classic hits,English,None,No,,,,No stream found,0,,Major New York heritage classic-hits brand (cume ~2.4M). Stream not on public directories.,curated,America/New_York,False,
US,Hot 97 (WQHT),,New York,New York,97.1,Music,Hip-hop / R&B,English,None,No,http://18073.live.streamtheworld.com/WQHTFMAAC_SC,,,Working,0,,Nationally known hip-hop brand (Mediaco),curated,America/New_York,False,
US,Mega 97.9 (WSKQ),,New York,New York,97.9,Music,Spanish tropical,English,None,No,https://liveaudio.lamusica.com/NY_WSKQ_icy,,,Working,0,,One of the country's highest-reach Spanish-language outlets,curated+radio-browser,America/New_York,False,
US,WABC 770,,New York,New York,770,News & Talk,Talk / Opinion,English,None,No,http://13683.live.streamtheworld.com:3690/WABCAMAAC_SC,,,Working,0,https://dehayf5mhw1h7.cloudfront.net/wp-content/uploads/sites/1494/2018/03/22100847/cropped-wabc-logo-1024-1024-3-180x180.png,New York talk/opinion station,curated+radio-browser,America/New_York,False,
US,WFUV 90.7,,New York,New York,90.7,Public,Adult alternative,English,None,No,http://wfuv-onair.streamguys.org/onair-hi,,,Working,0,https://wfuv.org/themes/custom/wfuv/favicon.ico,"Fordham University radio; tastemaker for indie, folk, Americana and adult-alternative",curated+radio-browser,America/New_York,False,
US,WNYC,,New York,New York,93.9,Public,News & Culture,English,None,No,http://fm939.wnyc.org/wnycfm.aac,,,Working,0,https://media.wnyc.org/i/300/300/c/80/1/wnyc_square_logo.png,New York Public Radio's flagship; the nation's most-listened-to public-radio station (93.9 FM / 820 AM),curated+radio-browser,America/New_York,False,
US,WOR 710,,New York,New York,710,News & Talk,Technology,English,None,No,,,,No stream found,0,,Carries Rich On Tech with Rich DeMuro (Sundays 8-11pm ET rebroadcast). Stream not on public directories.,curated,America/New_York,False,
US,WQXR 105.9,,New York,New York,105.9,Public,Classical,English,None,No,https://stream.wqxr.org/wqxr-web,,,Working,0,https://media.wnyc.org/i/500/500/c/80/1/wqxr_1_1.png,New York classical-music service (New York Public Radio),curated+radio-browser,America/New_York,False,
US,Z100 (WHTZ),,New York,New York,100.3,Music,Pop / Hits,English,None,No,https://stream.revma.ihrhls.com/zc1469,,,Working,0,,Iconic New York Top 40 station with national pop-culture recognition,curated,America/New_York,False,
US,WBGO Jazz 88.3,,Newark,New Jersey,88.3,Public,Jazz / Blues,English,None,No,https://ais-sa8.cdnstream1.com/3629_128.mp3,,,Working,0,https://npr.brightspotcdn.com/dims4/default/76ee71f/2147483647/strip/true/crop/200x100+0+0/resize/400x200!/format/webp/quality/90/?url=http%3A%2F%2Fnpr-brightspot.s3.amazonaws.com%2Fa7%2F2f%2Fbfa4b00449099118e45fefe81fe8%2Fwbgo-logo-200x100.png,One of America's most important jazz radio services (Newark / New York metro),curated+radio-browser,America/New_York,False,
US,KDOW 1220 AM,,Palo Alto,California,1220,Business,Technology,English,None,No,,,,No stream found,0,,"The Bay Area's business radio; Silicon Valley Insider with Keith Koo (Fridays 1pm PT; innovation, AI, cyber risk, fintech). Stream not on public directories.",curated,America/Los_Angeles,False,
US,93.3 WMMR,,Philadelphia,Pennsylvania,93.3,Music,Rock,English,None,No,,,,No stream found,0,,Heritage Philadelphia rock brand (Beasley). Stream not on public directories.,curated,America/New_York,False,
US,Power 99 (WUSL),,Philadelphia,Pennsylvania,98.9,Music,Urban contemporary,English,None,No,,,,No stream found,0,,Major Philadelphia urban-contemporary brand (iHeartMedia). Stream not on public directories.,curated,America/New_York,False,
US,SportsRadio 94WIP,,Philadelphia,Pennsylvania,94.1,Sports,Sports,English,None,No,,,,No stream found,0,,Major Philadelphia sports-talk outlet (Audacy). Stream not on public directories.,curated,America/New_York,False,
US,WXPN 88.5,,Philadelphia,Pennsylvania,88.5,Public,Adult alternative,English,None,No,https://wxpnhi.xpn.org/xpnhi,,,Working,0,http://www.xpn.org/favicon.ico,"Home of World Cafe; major supporter of emerging, folk, rock and singer-songwriter music",curated+radio-browser,America/New_York,False,
US,KTAR News 92.3,,Phoenix,Arizona,92.3,News & Talk,Technology,English,None,No,http://bonneville.cdnstream1.com/2698_48.aac,,,Working,0,,Carries The Kim Komando Show and Daily Tech Update,curated+radio-browser,America/Phoenix,False,
US,KDKA 1020,,Pittsburgh,Pennsylvania,1020,News & Talk,News & Talk,English,None,No,,,,No stream found,0,,"Pittsburgh news/talk, 1020 AM / 100.1 FM (Audacy); the first commercial radio station. Stream not on public directories.",curated,America/New_York,False,
US,XRAY.FM,,Portland,Oregon,91.1,Public,Independent music & culture,English,None,No,https://listen.xray.fm/stream,,,Working,0,https://xray.fm/theme/107/img/logo1_white-on-black_399.png,Noncommercial independent programming with a strong local arts focus (91.1 / 107.1 FM),curated+radio-browser,America/Los_Angeles,False,
US,KSL NewsRadio,,Salt Lake City,Utah,102.7,News & Talk,News & Talk,English,None,No,https://bonneville.cdnstream1.com/2704_48.aac,,,Working,0,,"Salt Lake City news/talk, 102.7 FM / 1160 AM (Bonneville)",curated,America/Denver,False,
US,KOGO 600,,San Diego,California,600,News & Talk,Technology,English,None,No,https://ample.revma.ihrhls.com/zc257,,,Working,0,,Carries The Kim Komando Show and Daily Tech Update,curated+radio-browser,America/Los_Angeles,False,
US,KALW 91.7,,San Francisco,California,91.7,Public,News & Culture,English,None,No,https://kalw-live.streamguys1.com/kalw,,,Working,0,https://npr.brightspotcdn.com/dims4/default/1034b93/2147483647/strip/true/crop/388x68+0+0/resize/534x94!/format/webp/quality/90/?url=http%3A%2F%2Fnpr-brightspot.s3.amazonaws.com%2Fed%2F6c%2F87fcc6944d57970dccc7c01b4e80%2Fkalw-logo-pink-copy.png,"San Francisco public radio; Crosscurrents, Your Call and Bay Area community reporting",curated+radio-browser,America/Los_Angeles,False,
US,KCBS All News,,San Francisco,California,740,News & Talk,Technology & Business,English,None,No,,,,No stream found,0,,All-news station; KCBS Bloomberg Tech and Business Report on weekdays (also on 106.9 FM). Stream not on public directories.,curated,America/Los_Angeles,False,
US,KQED,,San Francisco,California,88.5,Public,Technology & Science,English,None,No,http://streams.kqed.org/kqedradio.m3u,,,Working,0,https://www.kqed.org/favicon.ico,Public radio; Tech Nation with Dr. Moira Gunn (Fridays 10pm PT) - technology and science leaders,curated+radio-browser,America/Los_Angeles,False,
US,KTRB The Answer,,San Francisco,California,860,News & Talk,Technology,English,None,No,,,,No stream found,0,,Carries Silicon Valley Insider with Keith Koo (Saturdays 10am PT; Bay Area tech-business talk). Stream not on public directories.,curated,America/Los_Angeles,False,
US,Radio Zindagi,,San Jose,California,1550,News & Talk,Technology & Business,English,None,No,https://18093.live.streamtheworld.com/SP_R4994213_SC,,,Working,0,,"South Asian radio of the Bay Area; The Silicon Dreams (startups, VC, AI, Web3; Mondays 3pm PT). Station sources list both 1550 AM and 1170 AM for the Bay Area.",curated,America/Los_Angeles,False,
US,KCRW,,Santa Monica,California,89.9,Public,Music / Culture,English,None,No,https://streams.kcrw.com/kcrw_mp3,,,Working,0,https://www.kcrw.com/++theme++kcrw.theme/icons/apple-touch-icon.png,NPR's flagship Southern California member station; home of Morning Becomes Eclectic,curated+radio-browser,America/Los_Angeles,False,
US,107.7 The End (KNDD),,Seattle,Washington,107.7,Music,Rock / Alternative,English,None,No,,,,No stream found,0,,Major Seattle alternative brand (Audacy). Stream not on public directories.,curated,America/Los_Angeles,False,
US,KEXP 90.3,,Seattle,Washington,90.3,Public,Indie / Alternative,English,None,No,http://live-mp3-128.kexp.org/kexp128.mp3,,,Working,0,http://www.kexp.org/static/assets/img/favicon-32x32.png,Internationally influential for music discovery and live in-studio performances,curated+radio-browser,America/Los_Angeles,False,
US,KIRO Newsradio 97.3,,Seattle,Washington,97.3,News & Talk,News & Talk,English,None,No,https://bonneville.cdnstream1.com/2643_48.aac,,,Working,0,,Seattle news/talk station (Bonneville),curated,America/Los_Angeles,False,
US,KUOW 94.9,,Seattle,Washington,94.9,Public,News & Talk,English,None,No,,,,No stream found,0,,Seattle public radio (94.9 FM / 1340 AM). Stream not on public directories.,curated+radio-browser,America/Los_Angeles,False,
US,KMOX 1120,,St. Louis,Missouri,1120,News & Talk,News & Talk,English,None,No,,,,No stream found,0,,"St. Louis news/talk station, 1120 AM / 104.1 FM (Audacy). Stream not on public directories.",curated+radio-browser,America/Chicago,False,
US,KTRS The Big 550,,St. Louis,Missouri,550,News & Talk,Technology,English,None,No,https://ice6.securenetsystems.net/KTRS,,,Working,0,,Tech Talk presented by SumnerOne (Fridays ~4:20pm CT; workplace IT and practical tech),curated+radio-browser,America/Chicago,False,
US,KZSU Stanford,,Stanford,California,90.1,Public,Technology,English,None,No,http://kzsu-streams.stanford.edu/kzsu-1-256.mp3,,,Working,0,,"Stanford student radio; Hearsay Culture (technology, internet policy, IP and society)",curated+radio-browser,America/Los_Angeles,False,
US,KXCI 91.3,,Tucson,Arizona,91.3,Public,Community / Global music,English,None,No,https://kxci.broadcasttool.stream:80/play,,,Working,0,,"Volunteer-driven Tucson community radio; global, folk, Latin, Indigenous and local music",curated+radio-browser,America/Phoenix,False,
US,WAMU 88.5,,Washington,District of Columbia,88.5,Public,News & Talk,English,None,No,https://wamu.cdnstream1.com/wamu.mp3,,,Working,0,,Washington public radio (American University),curated+radio-browser,America/New_York,False,
US,WTOP 103.5,,Washington,District of Columbia,103.5,News & Talk,All-news,English,None,No,https://playerservices.streamtheworld.com/api/livestream-redirect/WTOPFM.mp3,,,Working,0,https://wtop.com/wp-content/themes/wtop-new/assets/img/favicons/apple-touch-icon-120x120.png,Dominant Washington all-news station and a leading US news-radio brand,curated+radio-browser,America/New_York,False,
